﻿{
   "CodeGenerationMode": 0,
   "ContextClassName": "PlantillaContext",
   "ContextNamespace": null,
   "DefaultDacpacSchema": null,
   "FilterSchemas": false,
   "IncludeConnectionString": false,
   "ModelNamespace": "Entities",
   "OutputContextPath": null,
   "OutputPath": "Entities",
   "ProjectRootNamespace": "Practica.Entities",
   "Schemas": null,
   "SelectedHandlebarsLanguage": 0,
   "SelectedToBeGenerated": 2,
   "Tables": [
      {
         "Name": "[Acce].[tbPantallas]",
         "ObjectType": 0
      },
      {
         "Name": "[Acce].[tbPantallasPorRoles]",
         "ObjectType": 0
      },
      {
         "Name": "[Acce].[tbRoles]",
         "ObjectType": 0
      },
      {
         "Name": "[Acce].[tbUsuarios]",
         "ObjectType": 0
      },
      {
         "Name": "[Cred].[tbImagenesPorClientes]",
         "ObjectType": 0
      },
      {
         "Name": "[Cred].[tbModelos]",
         "ObjectType": 0
      },
      {
         "Name": "[Cred].[tbPlanesPagos]",
         "ObjectType": 0
      },
      {
         "Name": "[Cred].[tbPlanesPagosClientes]",
         "ObjectType": 0
      },
      {
         "Name": "[Cred].[tbTipoCuotas]",
         "ObjectType": 0
      },
      {
         "Name": "[Cred].[tbVehiculos]",
         "ObjectType": 0
      },
      {
         "Name": "[Cred].[tbVehiculosPorClientes]",
         "ObjectType": 0
      },
      {
         "Name": "[Gral].[tbCargos]",
         "ObjectType": 0
      },
      {
         "Name": "[Gral].[tbClientes]",
         "ObjectType": 0
      },
      {
         "Name": "[Gral].[tbDepartamentos]",
         "ObjectType": 0
      },
      {
         "Name": "[Gral].[tbEmpleados]",
         "ObjectType": 0
      },
      {
         "Name": "[Gral].[tbEstadosCiviles]",
         "ObjectType": 0
      },
      {
         "Name": "[Gral].[tbMarcas]",
         "ObjectType": 0
      },
      {
         "Name": "[Gral].[tbMunicipios]",
         "ObjectType": 0
      },
      {
         "Name": "[Gral].[tbSucursales]",
         "ObjectType": 0
      }
   ],
   "UiHint": "vj7500.dbCredirapi",
   "UseBoolPropertiesWithoutDefaultSql": false,
   "UseDatabaseNames": true,
   "UseDbContextSplitting": false,
   "UseFluentApiOnly": true,
   "UseHandleBars": false,
   "UseInflector": false,
   "UseLegacyPluralizer": false,
   "UseNoConstructor": false,
   "UseNoDefaultConstructor": false,
   "UseNoNavigations": false,
   "UseNoObjectFilter": false,
   "UseNodaTime": false,
   "UseNullableReferences": false,
   "UseSchemaFolders": false,
   "UseSpatial": false
}